No,Kode,Nama,Tanggal Pencatatan,Saham,Papan Pencatatan
1,AALI,Astra Agro Lestari Tbk PT,09 Des 1997,1924688333,UTAMA
2,ABBA,Mahaka Media Tbk PT,03 Apr 2002,2755125000,PENGEMBANGAN
3,ABDA,Asuransi Bina Dana Arta Tbk PT,06 Jul 1989,620806680,Pengembangan
4,ABMM,ABM Investama Tbk PT,06 Des 2011,2753165000,UTAMA
5,ACES,Seven Aces Ltd,06 Nov 2007,17150000000,UTAMA
6,ACST,Acasti Pharma Inc,24 Jun 2013,700000000,UTAMA
7,ADES,Advanced Emissions Solutions Inc,13 Jun 1994,589896800,PENGEMBANGAN
8,ADHI,Adhi Karya (Persero) Tbk PT,18 Mar 2004,3560849376,UTAMA
9,ADMF,Adira Dinamika Multi Finance Tbk PT,31 Mar 2004,1000000000,Utama
10,ADMG,Adamant DRI Processing&Minerals Group,20 Okt 1993,3889179559,UTAMA
11,ADRO,Aduro BioTech Inc,16 Jul 2008,31985962000,UTAMA
12,AGII,Aneka Gas Industri Tbk PT,28 Sep 2016,3066660000,UTAMA
13,AGRO,Adecoagro SA,08 Ags 2003,21129857328,UTAMA
14,AGRS,Agristar  Inc,22 Des 2014,7037266148,Pengembangan
15,AHAP,Asuransi Harta Aman Pratama Tbk PT,14 Sep 1990,2940000000,PENGEMBANGAN
16,AIMS,Akbar Indo Makmur Stimec Tbk PT,20 Jul 2001,220000000,PENGEMBANGAN
17,AISA,Tiga Pilar Sejahtera Food Tbk PT,11 Jun 1997,3218600000,Utama
18,AKKU,Anugerah Kagum Karya Utama Tbk PT,01 Nov 2004,6449463636,PENGEMBANGAN
19,AKPI,Argha Karya Prima Industry Tbk PT,18 Des 1992,680000000,PENGEMBANGAN
20,AKRA,AKR Corporindo Tbk PT,03 Okt 1994,4014694920,Utama
21,AKSI,Majapahit Inti Corpora Tbk PT,13 Jul 2001,720000000,PENGEMBANGAN
22,ALDO,Alkindo Naratama Tbk PT,12 Jul 2011,1100000000,PENGEMBANGAN
23,ALKA,Alakasa Industrindo Tbk PT,12 Jul 1990,507665055,PENGEMBANGAN
24,ALMI,Alumindo Light Metal Industry Tbk PT,02 Jan 1997,616000000,PENGEMBANGAN
25,ALTO,Tri Banyan Tirta Tbk PT,10 Jul 2012,2191870558,UTAMA
26,AMAG,AMAG Pharmaceuticals  Inc,23 Des 2005,5001552516,PENGEMBANGAN
27,AMFG,Asahimas Flat Glass Tbk PT,08 Nov 1995,434000000,UTAMA
28,AMIN,American International Industries  Inc,10 Des 2015,1080000000,PENGEMBANGAN
29,AMRT,AMERN MART CORP/SH,15 Jan 2009,41524501700,UTAMA
30,ANDI,Andiamo Corp,16 Ags 2018,1870000000,PENGEMBANGAN
31,ANJT,Austindo Nusantara Jaya Tbk PT,08 Mei 2013,3354175000,UTAMA
32,ANTM,Anthem Inc,27 Nov 1997,24030764725,UTAMA
33,APEX,Apex Global Brands Inc,10 Jul 2002,2659850000,Utama
34,APIC,Pacific Strategic Financial Tbk PT,18 Des 2002,11766313488,PENGEMBANGAN
35,APII,Arita Prima Indonesia Tbk PT,29 Okt 2013,1075760000,PENGEMBANGAN
36,APLI,Appili Therapeutics Inc,01 Mei 2000,1362671400,UTAMA
37,APLN,AE HLDG I INC/SH,11 Nov 2010,19364561700,UTAMA
38,APOL,Arpeni Pratama Ocean Line Tbk PT,22 Jun 2005,16452282461,UTAMA
39,ARGO,Argo Group International Holdings  Ltd,07 Jan 1991,335557450,PENGEMBANGAN
40,ARII,Atlas Resources Tbk PT,08 Nov 2011,3000000000,PENGEMBANGAN
41,ARKA,Arkha Jayanti Persada PT,10 Jul 2019,2000000000,PENGEMBANGAN
42,ARMY,Armidian Karyatama Tbk PT,21 Jun 2017,9006250000,PENGEMBANGAN
43,ARNA,Arena Pharmaceuticals  Inc,17 Jul 2001,7341430976,UTAMA
44,ARTA,Arthavest Tbk PT,05 Nov 2002,446674175,PENGEMBANGAN
45,ARTI,Ratu Prabu Energi Tbk PT,30 Apr 2003,7840000000,UTAMA
46,ARTO,Societe Industrielle et Finc d lArts SA,12 Jan 2016,1194187500,PENGEMBANGAN
47,ASBI,Asuransi Bintang Tbk PT,29 Nov 1989,348386472,PENGEMBANGAN
48,ASDM,Asuransi Dayin Mitra Tbk PT,15 Des 1989,192000000,PENGEMBANGAN
49,ASGR,Astra Graphia Tbk PT,15 Nov 1989,1348780500,UTAMA
50,ASII,Astra International Tbk PT,04 Apr 1990,40483553140,UTAMA
51,ASJT,Asuransi Jasa Tania,29 Des 2003,600000000,PENGEMBANGAN
52,ASMI,Asuransi Kresna Mitra Tbk PT,16 Jan 2014,8958380460,Utama
53,ASRI,BNPP EASY-BLBAMSC/EUR,18 Des 2007,19649411888,UTAMA
54,ASRM,Asuransi Ramayana Tbk PT,19 Mar 1990,234064634,PENGEMBANGAN
55,ASSA,Adi Sarana Armada Tbk PT,12 Nov 2012,3397500000,UTAMA
56,ATIC,Anabatic Technologies Tbk PT,08 Jul 2015,2166613421,UTAMA
57,AUTO,Autoweb Inc,15 Jun 1998,4819733000,UTAMA
58,BABP,Bank MNC Internasional Tbk PT,15 Jul 2002,23190808468,PENGEMBANGAN
59,BACA,Bank Capital Indonesia Tbk PT,04 Okt 2007,6999771107,PENGEMBANGAN
60,BAJA,Saranacentral Bajatama Tbk PT,21 Des 2011,1800000000,PENGEMBANGAN
61,BALI,Bali Towerindo Sentra,13 Mar 2014,3934592500,PENGEMBANGAN
62,BAPA,Bekasi Asri Pemula Tbk PT,14 Jan 2008,661784520,UTAMA
63,BAPI,Bhakti Agung Propertindo PT Tbk,16 Sep 2019,5591740000,Pengembangan
64,BATA,Sepatu Bata Tbk PT,24 Mar 1982,1300000000,UTAMA
65,BAYU,Bayu Buana Tbk PT,30 Okt 1989,353220780,PENGEMBANGAN
66,BBCA,J P MORGAN EXCH/BETABUILDERS CDA ET,31 Mei 2000,24408459900,UTAMA
67,BBHI,Bank Harda Internasional Tbk PT,12 Ags 2015,4142587477,PENGEMBANGAN
68,BBKP,Bank Bukopin Tbk PT,10 Jul 2006,11535389661,Utama
69,BBLD,Buana Finance Tbk PT,07 Mei 1990,1645796054,PENGEMBANGAN
70,BBMD,Bank Mestika Dharma Tbk PT,08 Jul 2013,4049189100,UTAMA
71,BBNI,Bank Negara Indonesia (Persero) Tbk PT,25 Nov 1996,18462169893,UTAMA
72,BBRI,Bank Rakyat Indonesia (Persero) Tbk PT,10 Nov 2003,122112351900,UTAMA
73,BBRM,Pelayaran Nasional Bina Buana Ray Tbk PT,09 Jan 2013,5367076248,UTAMA
74,BBTN,Bank Tabungan Negara (Persero) Tbk PT,17 Des 2009,10484100000,UTAMA
75,BBYB,Balfour Beatty plc Conv Pref Shrs,13 Jan 2015,6100164280,UTAMA
76,BCAP,BARON CAPITAL ENTERPRISE ORD,08 Jun 2001,38906368927,UTAMA
77,BCIC,Bank Jtrust Indonesia Tbk PT,25 Jun 1997,9912003256,PENGEMBANGAN
78,BCIP,Bumi Citra Permai Tbk PT,11 Des 2009,1429915525,PENGEMBANGAN
79,BDMN,Bank Danamon Indonesia Tbk PT,06 Des 1989,9675817341,UTAMA
80,BEEF,Estika Tata Tiara Tbk PT,10 Jan 2019,1884312565,PENGEMBANGAN
81,BEKS,Bank Pembangunan Daerah Banten Tbk PT,13 Jul 2001,63468336053,PENGEMBANGAN
82,BELL,Trisula Textile Industries Tbk PT,03 Okt 2017,1450000000,PENGEMBANGAN
83,BEST,BEST Inc,10 Apr 2012,9647311150,UTAMA
84,BFIN,BankFinancial Corporation,16 Mei 1990,15967115620,PENGEMBANGAN
85,BGTG,Bank Ganesha Tbk PT,12 Mei 2016,11063309400,PENGEMBANGAN
86,BHIT,MNC Investama Tbk PT,24 Nov 1997,67767400934,UTAMA
87,BIKA,Binakarya Jaya Abadi Tbk PT,14 Jul 2015,592280000,PENGEMBANGAN
88,BIMA,Primarindo Asia Infrastructure Tbk PT,30 Ags 1994,608175716,PENGEMBANGAN
89,BINA,Bank Ina Perdana Tbk PT,16 Jan 2014,5597831250,PENGEMBANGAN
90,BIPI,Astrindo Nusantara Infrasruktur Tbk PT,11 Feb 2010,44693066193,PENGEMBANGAN
91,BIPP,Bhuwanatala Indah Permai Tbk PT,23 Okt 1995,5028669338,PENGEMBANGAN
92,BIRD,Blackbird PLC,05 Nov 2014,2502100000,UTAMA
93,BISI,Bisichi Mining PLC,28 Mei 2007,3000000000,UTAMA
94,BJBR,Bank Pmbngn Daerh Jawa Brt dn Btn Tbk PT,08 Jul 2010,9740399289,Utama
95,BJTM,Bank Pembangunan Daerah Jawa Timr Tbk PT,12 Jul 2012,14852553796,UTAMA
96,BKDP,Bukit Darmo Property Tbk PT,15 Jun 2007,6830992252,PENGEMBANGAN
97,BKSL,Sentul City Tbk PT,28 Jul 1997,55258666379,UTAMA
98,BKSW,Bank QNB Indonesia Tbk PT,21 Nov 2002,20232319124,PENGEMBANGAN
99,BLTA,Berlian Laju Tanker Tbk PT,26 Mar 1990,25940187103,UTAMA
100,BLTZ,Graha Layar Prima Tbk PT,10 Apr 2014,873937142,PENGEMBANGAN
101,BLUE,bluebird bio Inc,08 Jul 2019,418000000,PENGEMBANGAN
102,BMAS,Bank Maspion Indonesia Tbk PT,11 Jul 2013,4399026922,PENGEMBANGAN
103,BMRI,Bank Mandiri (Persero) Tbk PT,14 Jul 2003,46199999998,UTAMA
104,BMSR,Bintang Mitra Semestaraya Tbk PT,29 Des 1999,1159200024,UTAMA
105,BMTR,Global Mediacom Tbk PT,17 Jul 1995,15334511286,UTAMA
106,BNBA,Bank Bumi Arta Tbk PT,01 Jun 2006,2286900000,PENGEMBANGAN
107,BNBR,Bakrie & Brothers Tbk PT,28 Ags 1989,20863053480,PENGEMBANGAN
108,BNGA,Bank Cimb Niaga Tbk PT,29 Nov 1989,24880290775,Utama
109,BNII,Bank Maybank Indonesia Tbk PT,21 Nov 1989,75357433911,Utama
110,BNLI,Bank Permata Tbk PT,15 Jan 1990,27762311813,UTAMA
111,BOGA,Bintang Oto Global Tbk PT,19 Des 2016,3803373290,PENGEMBANGAN
112,BOLA,Bali Bintang Sejahtera Tbk PT,17 Jun 2019,6000000000,PENGEMBANGAN
113,BOLT,Pacific Rim Cobalt Corp,07 Jul 2015,2343750000,PENGEMBANGAN
114,BORN,Borneo Lumbung Energi & Metal Tbk PT,26 Nov 2010,17693000000,PENGEMBANGAN
115,BOSS,Yield Growth Corp,15 Feb 2018,1400000000,PENGEMBANGAN
116,BPFI,Batavia Prosperindo Finance Tbk PT,01 Jun 2009,1782663575,PENGEMBANGAN
117,BPII,Batavia Prosperindo Internasional Tbk PT,08 Jul 2014,562224662,PENGEMBANGAN
118,BPTR,Batavia Prosperindo Trans Tbk PT,09 Jul 2018,1550000000,UTAMA
119,BRAM,Indo Kordsa Tbk PT,05 Sep 1990,450000000,UTAMA
120,BRIS,Bank BRISyariah Tbk PT,01 Jan 1911,9618952363,UTAMA
121,BRMS,Bumi Resources Minerals Tbk PT,09 Des 2010,62322456902,PENGEMBANGAN
122,BRNA,Blackrock North American Income,06 Nov 1989,979110000,PENGEMBANGAN
123,BRPT,Barito Pacific Tbk PT,01 Okt 1993,89010867975,UTAMA
124,BSDE,INVESCO EXCHANG/BULLETSHARES 2024 E,06 Jun 2008,19246696192,UTAMA
125,BSIM,Bank Sinarmas Tbk PT,13 Des 2010,16783894926,UTAMA
126,BSSR,Baramulti Suksessarana Tbk PT,08 Nov 2012,2616500000,PENGEMBANGAN
127,BSWD,Bank Of India Indonesia Tbk PT,01 Mei 2002,1374912000,PENGEMBANGAN
128,BTEK,ISHS IV/SHS CL-ACC USD,14 Mei 2004,46277496376,PENGEMBANGAN
129,BTEL,Bakrie Telecom Tbk PT,03 Feb 2006,36822665755,UTAMA
130,BTON,Betonjaya Manunggal Tbk PT,18 Jul 2001,720000000,PENGEMBANGAN
131,BTPN,Bank BTPN Tbk PT,12 Mar 2008,8065876461,UTAMA
132,BTPS,M U FCE LY UC D/CIV,08 Mei 2018,7626663000,UTAMA
133,BUDI,Budi Starch & Sweetener Tbk PT,08 Mei 1995,4498997362,UTAMA
134,BUKK,PT Bukaka Teknik Utama Tbk,29 Jun 2015,2640452000,PENGEMBANGAN
135,BULL,Pacer US Cash Cows Growth Index,23 Mei 2011,11361534978,UTAMA
136,BUMI,Bumi Resources Tbk PT,30 Jul 1990,65476848358,PENGEMBANGAN
137,BUVA,Bukit Uluwatu Villa Tbk PT,12 Jul 2010,6811269200,PENGEMBANGAN
138,BVIC,Britvic Plc,30 Jun 1999,8862427568,UTAMA
139,BWPT,PT Eagle High Plantations Tbk,27 Okt 2009,31525291000,UTAMA
140,BYAN,Bayan Resources Tbk PT,12 Ags 2008,3333333500,UTAMA
141,CAKK,Cahayaputra Asa Keramik Tbk PT,31 Okt 2018,1203300006,PENGEMBANGAN
142,CAMP,CalAmp Corp,19 Des 2017,5885000000,PENGEMBANGAN
143,CANI,Capitol Nusantara Indonesia Tbk PT,16 Jan 2014,833440000,UTAMA
144,CARS,Carscom Inc,10 Apr 2017,15000000000,PENGEMBANGAN
145,CASA,Casa Systems Inc,19 Jul 2016,54476232042,PENGEMBANGAN
146,CASS,Cass Information Systems,05 Des 2011,2086950000,PENGEMBANGAN
147,CCSI,Communication Cbl Sys Indisa Tbk PT,18 Jun 2019,1000000000,PENGEMBANGAN
148,CEKA,Wilmar Cahaya Indonesia Tbk PT,09 Jul 1996,595000000,UTAMA
149,CENT,Central Garden & Pet Co,01 Nov 2001,31183464900,PENGEMBANGAN
150,CFIN,Clipan Finance Indonesia Tbk PT,02 Okt 1990,3984520457,UTAMA
151,CINT,Chitose Internasional Tbk PT,27 Jun 2014,1000000000,PENGEMBANGAN
152,CITA,Cita Mineral Investindo Tbk PT,20 Mar 2002,3370734900,PENGEMBANGAN
153,CITY,Natura City Developments Tbk,28 Sep 2018,5402681154,UTAMA
154,CKRA,Cakra Mineral Tbk PT,19 Mei 1999,5106021090,PENGEMBANGAN
155,CLAY,Citra Putra Realty Tbk PT,18 Jan 2019,2570000000,PENGEMBANGAN
156,CLEO,Compania Lvntna de Edfcn y Obrs Pblcs SA,05 Mei 2017,12000000000,UTAMA
157,CLPI,Colorpak Indonesia Tbk PT,30 Nov 2001,306338500,PENGEMBANGAN
158,CMNP,Citra Marga Nusaphala Persada Tbk PT,10 Jan 1995,3620831944,UTAMA
159,CMPP,AirAsia Indonesia Tbk PT,08 Des 1994,10685124441,PENGEMBANGAN
160,CNKO,Exploitasi Energi Indonesia Tbk PT,20 Nov 2001,8956361206,UTAMA
161,CNTX,Century Textile Industry Tbk PT Preference Shares,22 Mei 1979,70000000,PENGEMBANGAN
162,COCO,WISE COMM/COCOA INDIVIDUAL SECURITI,20 Mar 2019,554917005,PENGEMBANGAN
163,COWL,Cowell Development Tbk PT,19 Des 2007,4871214021,PENGEMBANGAN
164,CPIN,Charoen Pokphand Indonesia Tbk PT,18 Mar 1991,16398000000,UTAMA
165,CPRI,Capri Holdings Ltd,11 Apr 2019,2433375000,PENGEMBANGAN
166,CPRO,Central Proteina Prima Tbk PT,28 Nov 2006,59572382787,UTAMA
167,CSAP,Catur Sentosa Adiprana Tbk PT,12 Des 2007,4458352920,UTAMA
168,CSIS,PT Cahayasakti Investindo Sukses Tbk,10 Mei 2017,1307000000,PENGEMBANGAN
169,CTBN,Citra Tubindo Tbk PT,28 Nov 1989,800371500,UTAMA
170,CTRA,Contura Energy Inc,28 Mar 1994,18560303397,UTAMA
171,CTTH,CTT Pharmaceutical Holdings Inc,03 Jul 1996,1230839821,Pengembangan
172,DART,Duta Anggada Realty Tbk PT,08 Mei 1990,3141390962,UTAMA
173,DAYA,Duta Intidaya Tbk PT,28 Jun 2016,2420547025,PENGEMBANGAN
174,DEAL,Dewata Freight International Tbk PT,09 Nov 2018,1120046107,PENGEMBANGAN
175,DEFI,Danasupra Erapacific,06 Jul 2001,676000000,PENGEMBANGAN
176,DEWA,Darma Henwa Tbk PT,26 Sep 2007,21853733792,UTAMA
177,DFAM,Dafam Property Indonesia Tbk PT,27 Apr 2018,1899480090,PENGEMBANGAN
178,DGIK,Nusa Konstruksi Enjiniring Tbk PT,19 Des 2007,5541165000,UTAMA
179,DIGI,Digitiliti Incorporated,18 Sep 2018,325000000,PENGEMBANGAN
180,DILD,Intiland Development Tbk PT,04 Sep 1991,10365854185,UTAMA
181,DIVA,FQF TR/QUANTSHARES HEDGED,27 Nov 2018,714285700,PENGEMBANGAN
182,DKFT,Central Omega Resources Tbk PT,21 Nov 1997,5638246600,PENGEMBANGAN
183,DLTA,Delta Oil & Gas Inc,12 Feb 1984,800659050,UTAMA
184,DMAS,PT Puradelta Lestari Tbk,29 Mei 2015,48198111100,UTAMA
185,DMMX,Digital Mediatama Maxima PT,21 Okt 2019,7692307700,Pengembangan
186,DNAR,Bank Oke Indonesia Tbk PT,11 Jul 2014,6255638604,Utama
187,DNET,Indoritel Makmur Internasional Tbk PT,11 Des 2000,14184000000,PENGEMBANGAN
188,DOID,Delta Dunia Makmur Tbk PT,15 Jun 2001,8611686432,PENGEMBANGAN
189,DPNS,Duta Pertiwi Nusantara Tbk PT,08 Ags 1990,331129952,UTAMA
190,DPUM,Dua Putra Utama Makmur Tbk PT,08 Des 2015,4175000000,UTAMA
191,DSFI,PT Dharma Samudera Fishing Industris Tbk,24 Mar 2000,1857135500,UTAMA
192,DSNG,Dharma Satya Nusantara,14 Jun 2013,10599842400,UTAMA
193,DSSA,Dian Swastatika Sentosa Tbk PT,10 Des 2009,770552320,UTAMA
194,DUCK,Jaya Bersama Indo Tbk PT,10 Okt 2018,1283330000,UTAMA
195,DUTI,Duta Pertiwi Tbk PT,02 Nov 1994,1850000000,PENGEMBANGAN
196,DVLA,Darya-Varia Laboratoria Tbk PT,11 Nov 1994,1120000000,UTAMA
197,DWGL,Dwi Guna Laksana Tbk PT,13 Des 2017,8681753942,Pengembangan
198,DYAN,Dyandra Media International Tbk PT,25 Mar 2013,4272964279,UTAMA
199,EAST,Eastside Distilling Inc,09 Jul 2019,4126365990,PENGEMBANGAN
200,ECII,Electronic City Indonesia Tbk PT,03 Jul 2013,1334333000,PENGEMBANGAN
201,EKAD,Ekadharma International Tbk PT,14 Ags 1990,698775000,UTAMA
202,ELSA,Elnusa Tbk PT,06 Feb 2008,7298500000,UTAMA
203,ELTY,Bakrieland Development Tbk PT,30 Okt 1995,43521913019,PENGEMBANGAN
204,EMDE,Empresa Distribuidora Electrica Reg SA,12 Jan 2011,3350000000,PENGEMBANGAN
205,EMTK,Elang Mahkota Teknologi Tbk PT,12 Jan 2010,5640032442,UTAMA
206,ENRG,New Energy Metals Corp,07 Jun 2004,10342179272,PENGEMBANGAN
207,ENVY,Envy Technologies Indonesia Tbk PT,08 Jul 2019,1800000000,PENGEMBANGAN
208,EPMT,Enseval Putera Megatrading Tbk PT,01 Ags 1994,2708640000,PENGEMBANGAN
209,ERAA,Erajaya Swasembada Tbk PT,14 Des 2011,3190000000,UTAMA
210,ERTX,Eratex Djaja Tbk PT,21 Ags 1990,1286539792,PENGEMBANGAN
211,ESSA,ESSA Bancorp  Inc,01 Feb 2012,14300000000,UTAMA
212,ESTI,Ever Shine Tex Tbk PT,13 Okt 1992,2015208720,UTAMA
213,ETWA,Eterindo Wahanatama Tbk PT,16 Mei 1997,968297000,UTAMA
214,EXCL,XL Axiata Tbk PT,29 Sep 2005,10687960423,UTAMA
215,FAST,Fastenal Company,11 Mei 1993,1995138579,PENGEMBANGAN
216,FASW,Fajar Surya Wisesa Tbk PT,19 Des 1994,2477888787,UTAMA
217,FILM,MD Pictures Tbk PT,07 Ags 2018,9511217000,UTAMA
218,FINN,First National Of Nebraska,08 Jun 2017,1860225000,PENGEMBANGAN
219,FIRE,Supreme Cannabis Company Inc,09 Jun 2017,1475362946,PENGEMBANGAN
220,FISH,Sailfish Royalty Corp,18 Jan 2002,480000000,PENGEMBANGAN
221,FITT,Hotel Fitra International Tbk PT,11 Jun 2019,600000000,PENGEMBANGAN
222,FMII,Fortune Mate Indonesia Tbk PT,30 Jun 2000,2721000000,PENGEMBANGAN
223,FOOD,Goodfood Market Corp,08 Jan 2019,650000000,PENGEMBANGAN
224,FORU,Foru Holdings Inc,17 Jan 2004,465224000,PENGEMBANGAN
225,FORZ,Forza Land Indonesia Tbk PT,28 Apr 2017,1984009887,UTAMA
226,FPNI,Lotte Chemical Titan Tbk PT,21 Mar 2002,5566414000,PENGEMBANGAN
227,FREN,Fresenius SE & Co KGaA,29 Nov 2006,215345527937,UTAMA
228,FUJI,Fuji Finance Indonesia Tbk PT,09 Jul 2019,1105000000,PENGEMBANGAN
229,GAMA,Gamma Communications PLC,11 Jul 2012,10011027656,UTAMA
230,GDST,Gunawan Dianjaya Steel Tbk PT,23 Des 2009,9242500000,PENGEMBANGAN
231,GDYR,PT Goodyear Indonesia Tbk,01 Des 1980,410000000,UTAMA
232,GEMA,Gema Grahasarana Tbk PT,12 Ags 2002,1600000000,PENGEMBANGAN
233,GEMS,Golden Energy Mines Tbk PT,17 Nov 2011,5882353000,UTAMA
234,GGRM,Gudang Garam Tbk PT,27 Ags 1990,1924088000,UTAMA
235,GGRP,WISDOMTREE ISSU/SHS USD,19 Sep 2019,12111376157,Pengembangan
236,GHON,Gihon Telekomunikasi Indonesia Tbk PT,09 Apr 2018,550000000,UTAMA
237,GIAA,Garuda Indonesia (Persero) Tbk PT,11 Feb 2011,25886576254,Utama
238,GJTL,Gajah Tunggal Tbk PT,08 Mei 1990,3484800000,UTAMA
239,GLOB,Globant SA,10 Jul 2012,1111112000,PENGEMBANGAN
240,GMFI,Garuda Maintenance Facility ArAsa Tbk PT,10 Okt 2017,28233511500,UTAMA
241,GMTD,Gowa Makassar Tourism Development Tbk PT,11 Des 2000,101538000,PENGEMBANGAN
242,GOLD,Barrick Gold Corp,07 Jul 2010,1277276000,PENGEMBANGAN
243,GOLL,PT Golden Plantation Tbk,23 Des 2014,3665000759,PENGEMBANGAN
244,GOOD,Gladstone Commercial Corporation,10 Okt 2018,7379580291,UTAMA
245,GPRA,Perdana Gapura Prima Tbk PT,10 Okt 2007,4276655336,UTAMA
246,GREN,GreenSmart Corporation,09 Jul 2010,4694111791,UTAMA
247,GSMF,Equity Development Investment Tbk PT,13 Okt 1989,7454723337,PENGEMBANGAN
248,GTBO,Garda Tujuh Buana Tbk PT,09 Jul 2009,2500000000,PENGEMBANGAN
249,GWSA,Greenwood Sejahtera Tbk PT,23 Des 2011,7800760000,UTAMA
250,GZCO,Gozco Plantations Tbk PT,15 Mei 2008,6000000000,UTAMA
251,HADE,Himalaya Energi Perkasa Tbk PT,12 Apr 2004,2120000000,PENGEMBANGAN
252,HDFA,HDFC Bank Limited,10 Mei 2011,2329668917,UTAMA
253,HDIT,Pt Hensel Davest Indonesia Tbk,12 Jul 2019,1524680000,Utama
254,HDTX,Panasia Indo Resources Tbk PT,06 Jun 1990,3601462800,UTAMA
255,HEAL,ISHS IV/SHS USD,16 Mei 2018,2973000000,UTAMA
256,HELI,Jaya Trishindo Tbk PT,27 Mar 2018,819000000,PENGEMBANGAN
257,HERO,GLB X FUNDS/VIDEO GAMES & ESPORTS E,02 Des 1989,4183634000,UTAMA
258,HEXA,Hexaom SA,13 Feb 1995,840000000,UTAMA
259,HITS,Humpuss Intermoda Transportasi Tbk PT,15 Des 1997,7101084801,UTAMA
260,HKMU,HK Metals Utama Tbk PT,09 Okt 2018,3221750000,UTAMA
261,HMSP,HSBC ETFS/SHS CL-USD,15 Ags 1990,116318076900,UTAMA
262,HOKI,Buyung Poetra Sembada Tbk PT,22 Jun 2017,2376448100,UTAMA
263,HOME,At Home Group Inc,17 Jul 2008,22212194782,PENGEMBANGAN
264,HOTL,PT Saraswati Griya Lestari Tbk,10 Jan 2013,3550001452,UTAMA
265,HRME,Menteng Heritage Realty Tbk PT,12 Apr 2019,5958750000,PENGEMBANGAN
266,HRTA,PT Hartadinata Abadi Tbk,21 Jun 2017,4605262400,PENGEMBANGAN
267,HRUM,Harum Energy Tbk PT,06 Okt 2010,2703620000,UTAMA
268,IATA,Indonesia Transport & Infrastrctr Tbk PT,13 Sep 2006,9979518088,PENGEMBANGAN
269,IBFN,PT Intan Baruprana Finance Tbk,22 Des 2014,1517321249,PENGEMBANGAN
270,IBST,Ibstock plc,31 Ags 2012,1350904927,UTAMA
271,ICBP,PT Indofood CBP Sukses Makmur Tbk,07 Okt 2010,11661908000,UTAMA
272,ICON,Iconix Brand Group Inc,08 Jul 2005,1089750000,Pengembangan
273,IDPR,Indonesia Pondasi Raya Tbk PT,10 Des 2015,2003000000,UTAMA
274,IGAR,Champion Pacific Indonesia Tbk PT,05 Nov 1990,972204500,UTAMA
275,IIKP,Inti Agri Resources Tbk PT,20 Okt 2002,33600000000,PENGEMBANGAN
276,IKAI,Intikeramik Alamasri Industri Tbk PT,04 Jun 1997,12096181261,Utama
277,IKBI,Sumi Indo Kabel Tbk PT,21 Jan 1991,1224000000,PENGEMBANGAN
278,IMAS,Indomobil Sukses Internasional Tbk PT,15 Sep 1993,2765278412,UTAMA
279,IMJS,Indomobil Multi Jasa Tbk PT,10 Des 2013,5769550000,UTAMA
280,IMPC,Impack Pratama Industri Tbk PT,17 Des 2014,4833500000,PENGEMBANGAN
281,INAF,Indofarma (Persero) Tbk PT,17 Apr 2001,3099267500,Utama
282,INAI,Indal Aluminium Industry Tbk PT,05 Des 1994,633600000,PENGEMBANGAN
283,INCF,Indo Komoditi Korpora Tbk PT,18 Des 1989,1438370465,PENGEMBANGAN
284,INCI,Intanwijaya Internasional Tbk PT,24 Jul 1990,196121237,UTAMA
285,INCO,COLUMBIA ETF TR/COLUMBIA INDIA CONS,16 Mei 1990,9936338720,UTAMA
286,INDF,Indofood Sukses Makmur Tbk PT,14 Jul 1994,8780426500,UTAMA
287,INDR,Indie Ranch Media Inc,03 Ags 1990,654351707,UTAMA
288,INDS,PACER FUNDS TR/BENCHMARK INDL RL E,10 Ags 1990,656249710,UTAMA
289,INDX,Tanah Laut Tbk PT,17 Mei 2001,437913588,PENGEMBANGAN
290,INDY,ISHARES TR/INDIA 50 ETF,11 Jun 2008,5210192000,Utama
291,INKP,Indah Kiat Pulp and Paper Tbk PT,16 Jul 1990,5470982941,UTAMA
292,INOV,Inovalon Holdings Inc,10 Jul 2019,1808221900,PENGEMBANGAN
293,INPC,Bank Artha Graha Internasional Tbk PT,29 Ags 1990,15638233267,UTAMA
294,INPP,International Public Partnerships Ltd,01 Des 2004,11181971732,PENGEMBANGAN
295,INPS,Indah Prakasa Sentosa Tbk PT,06 Apr 2018,650000000,PENGEMBANGAN
296,INRU,LYX UC MSCI IND/CIV,18 Jun 1990,1388883283,PENGEMBANGAN
297,INTA,Intracom Holdings SA,23 Ags 1993,3336576462,PENGEMBANGAN
298,INTD,Inter Delta Tbk PT,18 Des 1989,591828000,PENGEMBANGAN
299,INTP,Integrated Pharmaceuticals Inc,05 Des 1989,3681231699,UTAMA
300,IPCC,Indonesia Kendaraan Terminal Tbk PT,09 Jul 2018,1818384820,PENGEMBANGAN
301,IPCM,Jasa Armada Indonesia Tbk PT,22 Des 2017,5284811100,Pengembangan
302,IPOL,ISHS V/SHS USD,09 Jul 2010,6443379509,UTAMA
303,IPTV,MNC Vision Networks Tbk PT,08 Jul 2019,35224848184,UTAMA
304,IRRA,ITAMA RANORAYA ORD,15 Okt 2019,1600000000,Pengembangan
305,ISAT,ISA Internationale Inc,19 Okt 1994,5433933500,UTAMA
306,ISSP,Steel Pipe Industry of Indonesia Tbk PT,22 Feb 2013,7185992035,UTAMA
307,ITIC,Investors Title Company,04 Jul 2019,940720000,PENGEMBANGAN
308,ITMA,Sumber Energi Andalan Tbk PT,10 Des 1990,870701000,PENGEMBANGAN
309,ITMG,Indo Tambangraya Megah Tbk PT,18 Des 2007,1129925000,UTAMA
310,ITTG,Leo Investments Tbk PT,26 Nov 2001,1379000000,PENGEMBANGAN
311,JAST,Jasnita Telekomindo Tbk PT,16 Mei 2019,813626700,PENGEMBANGAN
312,JAWA,Jaya Agra Wattie Tbk PT,30 Mei 2011,3774685500,UTAMA
313,JAYA,Armada Berjaya Trans Tbk PT,21 Feb 2019,375000105,PENGEMBANGAN
314,JECC,Jembo Cable Company Tbk PT,18 Nov 1992,151200000,PENGEMBANGAN
315,JGLE,Graha Andrasentra Propertindo Tbk PT,29 Jun 2016,22581909405,PENGEMBANGAN
316,JIHD,Jakarta International Hotls & Dev Tbk PT,29 Feb 1984,2329040482,PENGEMBANGAN
317,JKON,Jaya Konstruksi Manggala Pratama Tbk PT,04 Des 2007,16308519860,UTAMA
318,JKSW,Jakarta Kyoei Steel Works Tbk PT,06 Ags 1997,150000000,PENGEMBANGAN
319,JMAS,Asuransi Jiwa Syariah Js Mtr Abd Tbk PT,18 Des 2017,1000000000,PENGEMBANGAN
320,JPFA,Japfa Comfeed Indonesia Tbk PT,23 Okt 1989,11726575201,UTAMA
321,JRPT,Jaya Real Property Tbk PT,29 Jun 1994,13750000000,UTAMA
322,JSKY,Sky Energy Indonesia Tbk PT,28 Mar 2018,2032540000,UTAMA
323,JSMR,Jasa Marga (Persero) Tbk PT,12 Nov 2007,7257871200,UTAMA
324,JSPT,Jakarta Setiabudi Internasional Tbk PT,12 Jan 1998,2318736000,PENGEMBANGAN
325,JTPE,Jasuindo Tiga Perkasa Tbk PT,16 Apr 2002,1713012500,PENGEMBANGAN
326,KAEF,Kimia Farma (Persero) Tbk PT,04 Jul 2001,5554000000,UTAMA
327,KARW,ICTSI Jasa Prima Tbk PT,20 Des 2008,587152700,PENGEMBANGAN
328,KAYU,Darmi Bersaudara Tbk PT,04 Jul 2019,665000000,PENGEMBANGAN
329,KBLI,KMI Wire and Cable Tbk PT,06 Jul 1992,4007235107,UTAMA
330,KBLM,KBL MERGER CORP/SH,01 Jun 1992,1120000000,PENGEMBANGAN
331,KBLV,PT First Media Tbk,25 Feb 2000,1742167907,PENGEMBANGAN
332,KBRI,PT Kertas Basuki Rachmat Indonesia Tbk,11 Jul 2008,8687995734,PENGEMBANGAN
333,KDSI,Kedawung Setia Industrial Tbk PT,29 Jul 1996,405000000,PENGEMBANGAN
334,KEEN,Kencana Energi Lestari PT,02 Sep 2019,3666312500,Utama
335,KIAS,Keramika Indonesia Assosiasi Tbk PT,08 Des 1994,14929100000,PENGEMBANGAN
336,KICI,Kedaung Indah Can Tbk PT,28 Okt 1993,276000000,UTAMA
337,KIJA,Kawasan Industri Jababeka Tbk PT,10 Jan 1995,20824888369,UTAMA
338,KINO,Kino Indonesia Tbk PT,11 Des 2015,1428571500,PENGEMBANGAN
339,KIOS,Kioson Komersial Indonesia Tbk PT,05 Okt 2017,717239900,PENGEMBANGAN
340,KJEN,Krida Jaringan Nusantara Tbk PT,01 Jul 2019,500000000,PENGEMBANGAN
341,KKGI,Resource Alam Indonesia Tbk PT,01 Jul 1991,5000000000,UTAMA
342,KLBF,Kalbe Farma Tbk PT,30 Jul 1991,46875122110,UTAMA
343,KMTR,Kirana Megatara Tbk PT,19 Jun 2017,8215366379,PENGEMBANGAN
344,KOBX,Kobexindo Tractors Tbk PT,05 Jul 2012,2272500000,UTAMA
345,KOIN,EXCHANGE TRADED/INNOVATION SHS NEXT,09 Apr 2008,980843732,PENGEMBANGAN
346,KONI,Perdana Bangun Pusaka Tbk PT,22 Ags 1995,152000000,PENGEMBANGAN
347,KOPI,Mitra Energi Persada Tbk PT,04 Mei 2015,697266668,PENGEMBANGAN
348,KOTA,Pt Dms Propertindo Tbk,09 Jul 2019,10488809600,UTAMA
349,KPAL,Steadfast Marine Tbk PT,08 Jun 2018,1069009400,UTAMA
350,KPAS,Cottonindo Ariesta Tbk PT,05 Okt 2018,768042782,PENGEMBANGAN
351,KPIG,MNC Land Tbk PT,30 Mar 2000,74079122790,Pengembangan
352,KRAH,PT Grand Kartech Tbk,08 Nov 2013,971190000,PENGEMBANGAN
353,KRAS,Krakatau Steel (Persero) Tbk PT,10 Nov 2010,19346396900,UTAMA
354,KREN,Kresna Graha Investama Tbk PT,28 Jun 2002,18208470100,UTAMA
355,LAND,Gladstone Land Corp,23 Ags 2018,2792620000,PENGEMBANGAN
356,LAPD,Leyand International Tbk PT,17 Jul 2001,3966350139,PENGEMBANGAN
357,LCGP,Eureka Prima Jakarta Tbk PT,13 Jul 2007,5630000914,PENGEMBANGAN
358,LCKM,LCK Global Kedaton Tbk PT,16 Jan 2018,1000000000,PENGEMBANGAN
359,LEAD,REALITY SHS ETF/DIVCON LEADERS DIVI,11 Des 2013,4049616328,UTAMA
360,LIFE,aTyr Pharma Inc,09 Jul 2019,2100000000,UTAMA
361,LINK,Interlink Electronics Inc,02 Jun 2014,3042649384,UTAMA
362,LION,Global Li-Ion Graphite Corp,20 Ags 1993,520160000,UTAMA
363,LMAS,Limas Indonesia Makmur Tbk PT,28 Des 2001,787851525,PENGEMBANGAN
364,LMPI,Langgeng Makmur Industri Tbk PT,17 Okt 1994,1008517669,PENGEMBANGAN
365,LMSH,Lionmesh Prima,04 Jun 1990,96000000,PENGEMBANGAN
366,LPCK,Lippo Cikarang Tbk PT,24 Jul 1997,2679600000,UTAMA
367,LPGI,Lippo General Insurance Tbk PT,22 Jul 1997,150000000,UTAMA
368,LPIN,Multi Prima Sejahtera Tbk PT,05 Feb 1990,425000000,PENGEMBANGAN
369,LPKR,Lippo Karawaci Tbk PT,28 Jun 1996,70898018369,UTAMA
370,LPLI,Star Pacific Tbk PT,23 Okt 1989,1170432803,PENGEMBANGAN
371,LPPF,Matahari Department Store Tbk PT,10 Okt 1989,2804883280,Utama
372,LPPS,Lippo Securities Tbk PT,28 Mar 1994,2588250000,PENGEMBANGAN
373,LRNA,Eka Sari Lorena Transport Tbk PT,15 Apr 2014,350000022,PENGEMBANGAN
374,LSIP,PT Perusahaan Prkbn Lndn Smtr Indnsa Tbk,05 Jul 1996,6822863965,UTAMA
375,LTLS,Lautan Luas,21 Jul 1997,1560000000,Utama
376,LUCK,Sentral Mitra Informatika Tbk PT,28 Nov 2018,715749640,PENGEMBANGAN
377,MABA,Marga Abhinaya Abadi Tbk PT,22 Jun 2017,15365229912,PENGEMBANGAN
378,MAGP,MAGPLANE TECY I/SH,16 Jan 2013,9000000004,PENGEMBANGAN
379,MAIN,Main Street Capital Corporation,10 Feb 2006,2238750000,UTAMA
380,MAMI,Mas Murni Indonesia Tbk PT,09 Feb 1994,12299116331,PENGEMBANGAN
381,MAPA,MAP Aktif Adiperkasa Tbk PT,05 Jul 2018,2850400000,PENGEMBANGAN
382,MAPB,Map Boga Adiperkasa Tbk PT,21 Jun 2017,2170922900,PENGEMBANGAN
383,MAPI,Mitra Adiperkasa Tbk PT,10 Nov 2004,16600000000,UTAMA
384,MARI,PT Mahaka Radio Integra Tbk,11 Feb 2016,5252644000,PENGEMBANGAN
385,MARK,Remark Holdings Inc,12 Jul 2017,3800000310,PENGEMBANGAN
386,MASA,Multistrada Arah Sarana Tbk PT,09 Jun 2005,9182946945,UTAMA
387,MAYA,Bank Mayapada Internasional Tbk PT,29 Ags 1997,6313147533,UTAMA
388,MBAP,Mitrabara Adiperdana Tbk PT,10 Jul 2014,1227271952,PENGEMBANGAN
389,MBSS,Mitrabahtera Segara Sejati Tbk PT,06 Apr 2011,1750026639,UTAMA
390,MBTO,Martina Berto Tbk PT,13 Jan 2011,1070000000,UTAMA
391,MCAS,M Cash Integrasi PT,01 Nov 2017,867933300,PENGEMBANGAN
392,MCOR,Morningstar US Core Index,03 Jul 2007,16465148150,UTAMA
393,MDIA,Intermedia Capital Tbk PT,11 Apr 2014,39215538400,UTAMA
394,MDKA,PT Merdeka Copper Gold Tbk,19 Jun 2015,21897591650,PENGEMBANGAN
395,MDKI,Emdeki Utama Tbk PT,25 Sep 2017,2530150002,PENGEMBANGAN
396,MDLN,Modernland Realty Tbk PT,18 Jan 1993,12533067322,UTAMA
397,MDRN,Modern Internasional Tbk PT,16 Jul 1991,7632167798,UTAMA
398,MEDC,Medco Energi Internasional Tbk PT,12 Okt 1994,17844051744,UTAMA
399,MEGA,Bank Mega Tbk,17 Apr 2000,6894138227,UTAMA
400,MERK,Merck,23 Jul 1981,448000000,PENGEMBANGAN
401,META,National Access Cannabis Corp,18 Jul 2001,17710708194,UTAMA
402,MFIN,Medallion Financial Corp,06 Sep 2005,2650000000,Pengembangan
403,MFMI,Multifiling Mitra Indonesia Tbk PT,29 Des 2010,757581000,PENGEMBANGAN
404,MGNA,Magna Investama Mandiri Tbk PT,07 Jul 2014,1003080977,PENGEMBANGAN
405,MGRO,Morningstar US Growth Index,12 Jul 2018,3518438000,UTAMA
406,MICE,Multi Indocitra Tbk PT,02 Nov 2005,600000000,PENGEMBANGAN
407,MIDI,Midi Utama Indonesia Tbk PT,30 Nov 2010,2882353000,PENGEMBANGAN
408,MIKA,Mitra Keluarga Karyasehat Tbk PT,24 Mar 2015,14246349500,Utama
409,MINA,Synlogic Inc,28 Apr 2017,6562500000,PENGEMBANGAN
410,MIRA,Mirada Plc,30 Jan 1997,3961452039,PENGEMBANGAN
411,MITI,Mitra Investindo Tbk PT,16 Jul 1997,1411550800,PENGEMBANGAN
412,MKNT,Mitra Komunikasi Nusantara Tbk PT,26 Okt 2015,5000000000,PENGEMBANGAN
413,MKPI,Metropolitan Kentjana Tbk PT,10 Jul 2009,948194000,PENGEMBANGAN
414,MLBI,Multi Bintang Indonesia Tbk PT,17 Jan 1994,2107000000,UTAMA
415,MLIA,Mulia Industrindo Tbk PT,17 Jan 1994,1323000000,PENGEMBANGAN
416,MLPL,Multipolar Tbk PT,06 Nov 1989,14639632470,UTAMA
417,MLPT,Multipolar Technology Tbk PT,08 Jul 2013,1875000000,UTAMA
418,MMLP,Martin Midstream Partners LP,12 Jun 2015,6889134608,PENGEMBANGAN
419,MNCN,Media Nusantara Citra Tbk PT,22 Jun 2007,14276103500,UTAMA
420,MOLI,Molinos Rio de la Plata Class B,30 Ags 2018,2334888498,PENGEMBANGAN
421,MPMX,Mitra Pinasthika Mustika Tbk PT,29 Mei 2013,4462963276,UTAMA
422,MPOW,MegaPower Makmur Tbk PT,05 Jul 2017,816997053,PENGEMBANGAN
423,MPPA,Matahari Putra Prima Tbk PT,21 Des 1992,7529147920,UTAMA
424,MPRO,Maha Properti Indonesia Tbk PT,09 Okt 2018,9942500000,Pengembangan
425,MRAT,Mustika Ratu Tbk PT,27 Jul 1995,428000000,UTAMA
426,MREI,Maskapai Reasuransi Indonesia Tbk PT,04 Sep 1989,517791681,PENGEMBANGAN
427,MSIN,MNC Studios International Tbk PT,08 Jun 2018,5202000000,Pengembangan
428,MSKY,MNC SKY Vision Tbk PT,09 Jul 2012,1994370480,Utama
429,MTDL,Metrodata Electronics Tbk PT,09 Apr 1990,2455376917,UTAMA
430,MTFN,Capitalinc Investment Tbk PT,16 Apr 1990,31842082852,PENGEMBANGAN
431,MTLA,Motorola Solutions Inc,20 Jun 2011,7655126330,UTAMA
432,MTPS,Meta Epsi Tbk PT,10 Apr 2019,2084097558,PENGEMBANGAN
433,MTRA,Mitra Pemuda Tbk PT,10 Feb 2016,770000000,PENGEMBANGAN
434,MTSM,Metro Realty Tbk PT,08 Jan 1992,232848000,PENGEMBANGAN
435,MTWI,Malacca Trust Wwngn Insrnc Tbk PT,11 Okt 2017,1525819116,PENGEMBANGAN
436,MYOH,Samindo Resources Tbk PT,27 Jul 2000,2206312500,UTAMA
437,MYOR,Mayora Indah Tbk PT,04 Jul 1990,22358699725,UTAMA
438,MYRX,Myrexis Inc,31 Okt 1990,86703220792,PENGEMBANGAN
439,MYTX,Asia Pacific Investama Tbk PT,10 Okt 1989,7747281949,UTAMA
440,NASA,Nasstar Plc,07 Ags 2017,11004929322,Pengembangan
441,NATO,Nusantara Properti International Tbk PT,18 Jan 2019,8000949100,PENGEMBANGAN
442,NELY,Pelayaran Nelly Dwi Putri Tbk PT,11 Okt 2012,2350000000,PENGEMBANGAN
443,NFCX,NFC Indonesia Tbk PT,12 Jul 2018,666667500,PENGEMBANGAN
444,NICK,Nicholas Financial  Inc,02 Mei 2018,651150000,PENGEMBANGAN
445,NIKL,GK Resources Ltd,14 Des 2009,2523350000,UTAMA
446,NIPS,Nipress Tbk PT,24 Jul 1991,1635333332,PENGEMBANGAN
447,NIRO,PT City Retail Developments Tbk,13 Sep 2012,22198871804,PENGEMBANGAN
448,NISP,Bank OCBC NISP Tbk PT,20 Okt 1994,22715776032,UTAMA
449,NOBU,Bank Nationalnobu Tbk PT,20 Mei 2013,4393533177,UTAMA
450,NRCA,Nusa Raya Cipta Tbk PT,27 Jun 2013,2496258344,UTAMA
451,NUSA,NUSHARES ETF TR/ENHANCED YIELD 1-5,12 Jul 2018,7700000110,PENGEMBANGAN
452,NZIA,Nusantara Almazia Tbk PT,25 Sep 2019,2197538000,Utama
453,OASA,Protech Mitra Perkasa Tbk PT,18 Jul 2016,358600000,PENGEMBANGAN
454,OCAP,ONIX CAPITAL Tbk PT,10 Nov 2003,273200000,PENGEMBANGAN
455,OKAS,Ancora Indonesia Resources Tbk PT,29 Mar 2006,1765927777,PENGEMBANGAN
456,OMRE,Indonesia Prima Property Tbk PT,22 Ags 1994,1745000000,PENGEMBANGAN
457,OPMS,Optima Prima Metal Sinergi Tbk PT,23 Sep 2019,1000000000,Pengembangan
458,PADI,Minna Padi Investama Sekuritas Tbk PT,09 Jan 2012,11307246524,UTAMA
459,PALM,Provident Agro Tbk PT,08 Okt 2012,7119540356,PENGEMBANGAN
460,PAMG,Bima Sakti Pertiwi Tbk PT,05 Jul 2019,3125000000,UTAMA
461,PANI,Pratama Abadi Nusa Industri Tbk PT,18 Sep 2018,410000000,PENGEMBANGAN
462,PANR,Pantheon Resources Plc,01 Jan 1950,1200000000,UTAMA
463,PANS,PT Panin Sekuritas Tbk,31 Des 2000,720000000,UTAMA
464,PBID,Panca Budi Idaman Tbk PT,13 Des 2017,1875000000,PENGEMBANGAN
465,PBRX,Pan Brothers Tbk PT,16 Ags 1990,6478295611,UTAMA
466,PBSA,Paramita Bangun Sarana Tbk PT,28 Sep 2016,1500000000,UTAMA
467,PCAR,PACCAR Inc,29 Des 2017,1166666700,PENGEMBANGAN
468,PDES,Destinasi Tirta Nusantara Tbk PT,08 Jul 2008,715000000,PENGEMBANGAN
469,PEGE,Panca Global Kapital Tbk PT,24 Jun 2005,2833417056,PENGEMBANGAN
470,PEHA,PHAPROS ORD,01 Jan 1911,840000000,
471,PGAS,Petrogress Inc,15 Des 2003,24241508196,UTAMA
472,PGLI,Pembangunan Graha Lestari Indah Tbk PT,05 Apr 2000,488000000,PENGEMBANGAN
473,PICO,Pico Holdings Inc,23 Sep 1996,568375000,PENGEMBANGAN
474,PJAA,Pembangunan Jaya Ancol Tbk PT,02 Jul 2004,1599999996,UTAMA
475,PKPK,Perdana Karya Perkasa Tbk PT,11 Jul 2007,600000000,PENGEMBANGAN
476,PLAS,Polaris Investama Tbk PT,16 Mar 2001,1184200000,PENGEMBANGAN
477,PLIN,China Xiangtai Food Co Ltd,15 Jun 1992,3550000000,UTAMA
478,PNBN,Bank Pan Indonesia Tbk PT,29 Des 1982,23837645998,UTAMA
479,PNBS,Bank Panin Dubai Syariah Tbk PT,15 Jan 2014,23719447472,UTAMA
480,PNIN,Paninvest Tbk PT,20 Sep 1983,4068323920,UTAMA
481,PNLF,Panin Financial Tbk PT,14 Jun 1993,32022073293,UTAMA
482,PNSE,Pudjiadi And Sons Tbk PT,01 Mei 1990,797813496,PENGEMBANGAN
483,POLA,Polar Power Inc,16 Nov 2018,2727779200,PENGEMBANGAN
484,POLI,Pollux Investasi Internasional Tbk PT,10 Jan 2019,2010526400,PENGEMBANGAN
485,POLL,Polledo SAIC y F,11 Jul 2018,8318823600,UTAMA
486,POLU,Golden Flower Tbk PT,26 Jun 2019,750000000,PENGEMBANGAN
487,POLY,Polymetal International PLC,12 Mar 1991,2495753334,PENGEMBANGAN
488,POOL,Pool Corporation,20 Mei 1991,2341366164,PENGEMBANGAN
489,PORT,Nusantara Pelabuhan Handal Tbk,16 Mar 2017,2813941985,Pengembangan
490,POSA,Bliss Properti Indonesia PT,10 Mei 2019,8388870000,PENGEMBANGAN
491,POWR,Cikarang Listrindo Tbk PT,14 Jun 2016,16087156000,UTAMA
492,PPRE,PP Presisi Tbk PT,24 Nov 2017,10224271000,UTAMA
493,PPRO,PP Properti Tbk PT,19 Mei 2015,61675671883,UTAMA
494,PRAS,Prima Alloy Steel Universal Tbk PT,12 Jul 1990,701043478,UTAMA
495,PRDA,Prodia Widyahusada Tbk PT,07 Des 2016,937500000,PENGEMBANGAN
496,PRIM,Primoris Services Corp,15 Mei 2018,3393432605,PENGEMBANGAN
497,PSAB,J Resources Asia Pasifik Tbk PT,22 Apr 2003,26460000000,Pengembangan
498,PSDN,Prasidha Aneka Niaga Tbk PT,18 Okt 1994,1440000000,PENGEMBANGAN
499,PSKT,Red Planet Indonesia Tbk PT,19 Sep 1995,10351231636,PENGEMBANGAN
500,PSSI,Pelita Samudera Shipping Tbk PT,05 Des 2017,5417063153,PENGEMBANGAN
501,PTBA,Bukit Asam Tbk PT,23 Des 2002,11520659250,UTAMA
502,PTIS,Indo Straits Tbk PT,12 Jul 2011,550165300,UTAMA
503,PTPP,Pembangunan Perumahan (Persero) Tbk PT,09 Feb 2010,6199897354,UTAMA
504,PTRO,Petrominerals Corporation,21 Mei 1990,1008605000,Utama
505,PTSN,Sat Nusapersada Tbk PT,08 Nov 2007,5314344000,UTAMA
506,PTSP,Pioneerindo Gourmet International Tbk PT,30 Mei 1994,220808000,PENGEMBANGAN
507,PUDP,Pudjiadi Prestige Tbk PT,18 Nov 1994,329560000,UTAMA
508,PURE,Pure Bioscience  Inc Common Stock,09 Okt 2019,1333333500,Utama
509,PWON,Powin Energy Corp,09 Okt 1989,48159602400,UTAMA
510,PYFA,Pyridam Farma Tbk PT,16 Okt 2001,535080000,Pengembangan
511,PZZA,Papa John's Int'l  Inc,23 Mei 2018,3021875000,UTAMA
512,RAJA,Rukun Raharja Tbk PT,19 Apr 2006,4227082500,UTAMA
513,RALS,PROSHARES TR/RAFI LONG SHORT FD,24 Jul 1996,7096000000,UTAMA
514,RANC,Supra Boga Lestari Tbk PT,07 Jun 2012,1564487500,UTAMA
515,RBMS,Ristia Bintang Mahkotasejati Tbk PT,19 Des 1997,2656212826,UTAMA
516,RDTX,Roda Vivatex Tbk PT,14 Mei 1990,268800000,UTAMA
517,RELI,Reliance Global Group Inc,13 Jul 2005,1800000000,UTAMA
518,RICY,Ricky Putra Globalindo Tbk PT,22 Jan 1998,641717510,UTAMA
519,RIGS,ALPS ETF TR/RIVERFRONT STRATEGI,26 Mar 1990,609130000,PENGEMBANGAN
520,RIMO,PT Rimo International Lestari Tbk,10 Nov 2000,45080600000,PENGEMBANGAN
521,RISE,ETF MANAGERS GR/SIT RISING RATE ETF,09 Jul 2018,9950000000,UTAMA
522,RMBA,Bentoel Internasional Investama Tbk PT,05 Mar 1990,36401136250,UTAMA
523,RODA,Pikko Land Development Tbk PT,22 Okt 2001,13592128209,PENGEMBANGAN
524,ROTI,Nippon Indosari Corpindo Tbk PT,28 Jun 2010,6186488888,UTAMA
525,RUIS,Radiant Utama Interinsco Tbk PT,12 Jul 2006,770000000,PENGEMBANGAN
526,SAFE,Safehold Inc,15 Ags 1994,615145012,PENGEMBANGAN
527,SAME,Sarana Meditama Metropolitan Tbk PT,11 Jan 2013,5900000000,PENGEMBANGAN
528,SAPX,Seven Arts Entertainment Inc,03 Okt 2018,833333300,PENGEMBANGAN
529,SATU,Kota Satu Properti Tbk PT,05 Nov 2018,1250000000,PENGEMBANGAN
530,SCBD,Danayasa Arthatama Tbk PT,31 Des 2099,3322092000,PENGEMBANGAN
531,SCCO,Southern Copper Corp,20 Jul 1982,205583400,UTAMA
532,SCMA,Surya Citra Media Tbk PT,16 Jul 2002,14768780301,UTAMA
533,SCPI,Merck Sharp Dohme Pharma Tbk,08 Jun 1990,3600000,PENGEMBANGAN
534,SDMU,Sidomulyo Selaras Tbk PT,12 Jul 2011,1135225000,PENGEMBANGAN
535,SDPC,Millennium Pharmacon Internationl Tbk PT,07 Mei 1990,1274000000,UTAMA
536,SDRA,Bank Woori Saudara Indonesia 1906 Tbk PT,15 Des 2006,6515116991,UTAMA
537,SFAN,Surya Fajar Capital Tbk PT,19 Jun 2019,1062500000,PENGEMBANGAN
538,SGRO,Sierra Growth Corp,18 Jun 2007,1890000000,UTAMA
539,SHID,Hotel Sahid Jaya International Tbk PT,08 Mei 1990,1119326168,PENGEMBANGAN
540,SHIP,Seanergy Maritime Holdings Corp,16 Jun 2016,2719790000,PENGEMBANGAN
541,SIDO,PT Industri Jamu dan Farmasi Sd Mncl Tbk,18 Des 2013,15000000000,Utama
542,SILO,Siloam International Hospitals Tbk PT,12 Sep 2013,1625765625,UTAMA
543,SIMA,Sonics & Materials  Inc,03 Jun 1994,442589871,PENGEMBANGAN
544,SIMP,Salim Ivomas Pratama Tbk PT,09 Jun 2011,15816310000,UTAMA
545,SIPD,Sierad Produce,27 Des 1996,1339102579,PENGEMBANGAN
546,SKBM,Sekar Bumi Tbk PT,05 Jan 1993,1726003217,PENGEMBANGAN
547,SKLT,Sekar Laut Tbk PT,08 Sep 1993,690740500,PENGEMBANGAN
548,SKRN,Superkrane Mitra Utama Tbk PT,11 Okt 2018,1500000000,PENGEMBANGAN
549,SKYB,Northcliff Citranusa Indonesia Tbk PT,07 Jul 2010,585000000,PENGEMBANGAN
550,SLIS,GAYA ABADI SEMPUR ORD,07 Okt 2019,2000000000,Pengembangan
551,SMAR,Smartsheet Inc,20 Nov 1992,2872193366,PENGEMBANGAN
552,SMBR,Semen Baturaja (Persero) Tbk PT,28 Jun 2013,9932534336,UTAMA
553,SMCB,Solusi Bangun Indonesia Tbk PT,10 Ags 1977,7662900000,UTAMA
554,SMDM,Singing Machine Company common stock,12 Okt 1995,4772138237,PENGEMBANGAN
555,SMDR,Samudera Indonesia Tbk PT,05 Des 1999,3275120000,UTAMA
556,SMGR,Semen Indonesia (Persero) Tbk PT,08 Jul 1991,5931520000,UTAMA
557,SMKL,Satyamitra Kemas Lestari Tbk PT,11 Jul 2019,3400000000,UTAMA
558,SMMA,Sinar Mas Multiartha Tbk PT,05 Jul 1995,6367664717,UTAMA
559,SMMT,SUMMIT THERAPEU/S ADR,01 Des 2007,3150000000,PENGEMBANGAN
560,SMRA,Summarecon Agung Tbk PT,07 Mei 1990,14426781680,Utama
561,SMRU,AMUNDI ISOL-EGL/USD,10 Okt 2011,12499385782,PENGEMBANGAN
562,SMSM,Selamat Sempurna Tbk PT,09 Sep 1996,5758675440,UTAMA
563,SOCI,Soechi Lines Tbk PT,03 Des 2014,7059000000,UTAMA
564,SONA,Southern National Banc of Virginia  Inc,12 Jul 1992,331200000,PENGEMBANGAN
565,SOSS,Shield On Service Tbk PT,06 Nov 2018,655617805,PENGEMBANGAN
566,SOTS,Satria Mega Kencana Tbk PT,10 Des 2018,1000000005,PENGEMBANGAN
567,SPMA,Suparma Tbk PT,16 Nov 1994,2114570958,UTAMA
568,SPTO,Surya Pertiwi Tbk PT,14 Mei 2018,2700000000,PENGEMBANGAN
569,SQMI,Renuka Coalindo Tbk PT,15 Jul 2004,15537591429,PENGEMBANGAN
570,SRAJ,Sejahteraraya Anugrahjaya Tbk PT,11 Apr 2011,12000705445,UTAMA
571,SRIL,ISHS IV/SHS CL-USD DIST USD,17 Jun 2013,20452176844,UTAMA
572,SRSN,STRATEGIC RESOU/SH,11 Jan 1993,6020000000,UTAMA
573,SRTG,Saratoga Investama Sedaya Tbk PT,26 Jun 2013,2712967000,PENGEMBANGAN
574,SSIA,Surya Semesta Internusa Tbk PT,27 Mar 1997,4705249440,UTAMA
575,SSMS,PT Sawit Sumbermas Sarana Tbk,12 Des 2013,9525000000,UTAMA
576,SSTM,Sunson Textile Manufacturer Tbk PT,20 Ags 1997,1170909181,PENGEMBANGAN
577,STAR,istar Inc,13 Jul 2011,4800000602,UTAMA
578,STTP,Siantar Top Tbk PT,16 Des 1996,1310000000,PENGEMBANGAN
579,SUGI,Sugih Energy Tbk PT,19 Jun 2002,24811541414,PENGEMBANGAN
580,SULI,SLJ Global Tbk PT,21 Mar 1994,3986916802,Utama
581,SUPR,Supermarket Income REIT PLC,11 Okt 2011,1137579698,PENGEMBANGAN
582,SURE,Sure Ventures PLC,05 Okt 2018,1497576771,PENGEMBANGAN
583,SWAT,Sriwahana Adityakarta Tbk PT,08 Jun 2018,3019200000,PENGEMBANGAN
584,TALF,Tunas Alfin Tbk PT,17 Jan 2014,1353435000,PENGEMBANGAN
585,TAMU,Pelayaran Tamarin Samudra Tbk PT,10 Mei 2017,37500000000,PENGEMBANGAN
586,TARA,Sitara Propertindo Tbk PT,11 Jul 2014,10069645750,UTAMA
587,TAXI,Express Transindo Utama Tbk PT,02 Nov 2012,6145600000,UTAMA
588,TBIG,Tower Bersama Infrastructure Tbk PT,26 Okt 2010,4531399889,UTAMA
589,TBLA,Tunas Baru Lampung Tbk PT,14 Feb 2000,5342098939,Utama
590,TBMS,Tembaga Mulia Semanan Tbk PT,30 Sep 1993,367340000,PENGEMBANGAN
591,TCID,Telekomunikasi Indonesia (Persero) TbkPT,30 Sep 1993,201066667,UTAMA
592,TCPI,Transcoal Pacific Tbk PT,06 Jul 2018,5000000000,PENGEMBANGAN
593,TDPM,Tridomain Performance Materials Tbk PT,09 Apr 2018,10485050500,UTAMA
594,TELE,SSGA SPDR II/SHS USD,12 Jan 2012,7302194889,Utama
595,TFAS,Telefast Indonesia Tbk PT,17 Sep 2019,1666666500,Pengembangan
596,TFCO,Tifico Fiber Indonesia Tbk PT,26 Feb 1980,4823076400,PENGEMBANGAN
597,TGKA,Tigaraksa Satria Tbk PT,11 Jun 1990,918492750,PENGEMBANGAN
598,TGRA,PT Terregra Asia Energy Tbk,16 Mei 2017,2750000000,UTAMA
599,TIFA,Tifa Finance Tbk PT,08 Jul 2011,1079700000,PENGEMBANGAN
600,TINS,Timah Tbk PT,19 Okt 1995,7447753454,Utama
601,TIRA,Tira Austenite Tbk PT,27 Jul 1993,588000000,PENGEMBANGAN
602,TIRT,Tirta Mahakam Resources Tbk PT,13 Des 1999,1011774750,UTAMA
603,TKIM,Pabrik Kertas Tjiwi Kimia Tbk PT,03 Apr 1990,3113223570,UTAMA
604,TLKM,Telekomunikasi Indonesia (Persero) TbkPT,14 Nov 1995,99062216600,UTAMA
605,TMAS,PT Temas Tbk,09 Jul 2003,5705150000,Utama
606,TMPI,Sigmagold Inti Perkasa Tbk PT,26 Jan 1995,5502083747,UTAMA
607,TMPO,Tempo Inti Media Tbk PT,08 Jan 2001,1058333250,PENGEMBANGAN
608,TNCA,PT Trimuda Nuansa Citra Tbk,28 Jun 2018,421640000,PENGEMBANGAN
609,TOBA,Toba Bara Sejahtra Tbk PT,06 Jul 2012,8049964000,UTAMA
610,TOPS,TOP SHIPS Inc,16 Jun 2017,33330000000,UTAMA
611,TOTL,SSGA ACTIVE ETF/SPDR DOBLELINE TOTA,25 Jul 2006,3410000000,UTAMA
612,TOTO,Surya Toto Indonesia,30 Okt 1990,10320000000,PENGEMBANGAN
613,TOWR,Sarana Menara Nusantara Tbk PT,08 Mar 2010,51014625000,Utama
614,TPIA,Chandra Asri Petrochemical Tbk PT,24 Jun 1996,17833520260,PENGEMBANGAN
615,TPMA,Trans Power Marine Tbk PT,20 Feb 2013,2633300000,PENGEMBANGAN
616,TRAM,Trada Alam Minera Tbk PT,10 Sep 2008,49643625618,Utama
617,TRIL,Trillium Therapeutics Inc,28 Jan 2008,1200000000,PENGEMBANGAN
618,TRIM,Trimegah Sekuritas Indonesia Tbk PT,31 Jan 2000,7109300000,UTAMA
619,TRIO,PT Trikomsel Oke Tbk,14 Apr 2009,26007494645,UTAMA
620,TRIS,Trisula International Tbk PT,28 Jun 2012,1047587802,PENGEMBANGAN
621,TRST,TrustCo Bank Corp NY,02 Jul 1990,2808000000,UTAMA
622,TRUK,Guna Timur Raya Tbk PT,23 Mei 2018,435000000,PENGEMBANGAN
623,TRUS,PT Trust Finance Indonesia Tbk,28 Nov 2002,800000000,PENGEMBANGAN
624,TSPC,Tempo Scan Pacific Tbk PT,17 Jun 1994,4500000000,UTAMA
625,TUGU,Asuransi Tugu Pratama Indonesia Tbk PT,28 Mei 2018,1777777800,PENGEMBANGAN
626,TURI,Tunas Ridean Tbk PT,06 Mei 1995,5580000000,UTAMA
627,ULTJ,Ultrajaya Milk Industry Tbk PT,02 Jul 1990,11553528000,UTAMA
628,UNIC,Unggul Indah Cahaya Tbk PT,06 Nov 1989,383331363,UTAMA
629,UNIT,Uniti Group Inc,18 Apr 2002,75422200,PENGEMBANGAN
630,UNSP,Bakrie Sumatera Plantations Tbk PT,06 Mar 1990,2500162344,UTAMA
631,UNTR,United Tractors Tbk PT,19 Sep 1989,3730135136,UTAMA
632,UNVR,Univar Solutions Inc,11 Jan 1982,7630000000,UTAMA
633,URBN,Urban Outfitters  Inc,10 Des 2018,3232122585,PENGEMBANGAN
634,VICO,Victoria Investama Tbk PT,08 Jul 2013,9150094680,UTAMA
635,VINS,VINDICATOR SILV/SH,28 Sep 2015,1453782700,PENGEMBANGAN
636,VIVA,Visi Media Asia Tbk PT,21 Nov 2011,16464270400,UTAMA
637,VOKS,Voksel Electric Tbk PT,20 Des 1990,4155602595,UTAMA
638,VRNA,VERONA PHARMA P/S ADR,25 Jun 2008,5687353997,PENGEMBANGAN
639,WAPO,Wahana Pronatural Tbk PT,22 Jun 2001,1240923111,PENGEMBANGAN
640,WEGE,Wijaya Karya Bangunan Gedung Tbk PT,30 Nov 2017,9572000000,UTAMA
641,WEHA,Weha Transportasi Indonesia TBK PT,31 Mei 2007,886411265,UTAMA
642,WICO,Wicaksana Overseas International Tbk PT,08 Ags 1994,1268950977,PENGEMBANGAN
643,WIIM,PT Wismilak Inti Makmur Tbk,18 Des 2012,2099873760,UTAMA
644,WIKA,Wijaya Karya (Persero) Tbk PT,29 Okt 2007,8969951372,UTAMA
645,WINS,Wins Finance Holdings Inc,29 Nov 2010,4238011640,UTAMA
646,WOMF,Wahana Ottomitra Multiartha Tbk PT,13 Des 2004,3481481480,UTAMA
647,WOOD,ISHARES TR/GLB TIMBER & FSTY E,21 Jun 2017,6306250000,PENGEMBANGAN
648,WSBP,Waskita Beton Precast Tbk PT,20 Sep 2016,26361157534,Utama
649,WSKT,Waskita Karya (Persero) Tbk PT,19 Des 2012,13573951000,UTAMA
650,WTON,PT Wijaya Karya Beton Tbk,08 Apr 2014,8715466600,UTAMA
651,YELO,Yelooo Integra Datanet Tbk PT,29 Okt 2018,380043597,PENGEMBANGAN
652,YPAS,Yanaprima Hastapersada Tbk PT,05 Mar 2008,668000089,PENGEMBANGAN
653,YULE,PT Yulie Sekuritas Indonesia Tbk,10 Des 2004,1785000000,PENGEMBANGAN
654,ZBRA,Zebra Technologies Corp,01 Ags 1991,856133009,PENGEMBANGAN
655,ZINC,WISE COMM/ZINC,16 Okt 2017,25250000000,PENGEMBANGAN
656,ZONE,Zonetail Inc,12 Des 2018,797000000,PENGEMBANGAN